{
  "target_id": "workflow_dag_construction",
  "metrics": {
    "duration_ms": 4.9831650000000005,
    "iterations": 300,
    "large_workflow": {
      "avg_ms": 0.03064887,
      "duration_ms": 3.064887,
      "steps": 100
    },
    "medium_workflow": {
      "avg_ms": 0.016436160000000002,
      "duration_ms": 1.6436160000000002,
      "steps": 50
    },
    "ops_per_sec": 60202.70249931519,
    "small_workflow": {
      "avg_ms": 0.00274662,
      "duration_ms": 0.274662,
      "steps": 10
    }
  },
  "timestamp": "2025-12-02T01:39:22.322827225Z"
}