{
  "target_id": "workflow_validation",
  "metrics": {
    "avg_validation_us": 0.105,
    "duration_ms": 0.105998,
    "iterations": 1000,
    "ops_per_sec": 9434140.266797487,
    "success_rate": 1.0
  },
  "timestamp": "2025-12-02T01:39:22.322946758Z"
}